Date,Open,High,Low,Close,Volume,Change
10-28-2019,1492.40,1503.60,1506.30,1489.10,0.36K,-0.62%
10-25-2019,1501.70,1502.10,1517.00,1499.70,0.44K,+0.05%
10-24-2019,1501.00,1490.40,1502.40,1486.70,1.01K,+0.62%
10-23-2019,1491.80,1487.30,1495.10,1486.70,0.57K,+0.55%
10-22-2019,1483.60,1483.70,1488.20,1480.00,0.79K,-0.04%
10-21-2019,1484.20,1490.70,1494.70,1481.60,1.24K,-0.39%
10-18-2019,1490.00,1492.50,1492.90,1484.80,0.78K,-0.28%
10-17-2019,1494.20,1490.10,1496.10,1484.30,1.60K,+0.27%
10-16-2019,1490.20,1480.50,1491.20,1477.10,0.54K,+0.71%
10-15-2019,1479.70,1493.10,1498.00,1477.70,0.78K,-0.94%
10-14-2019,1493.80,1488.00,1496.80,1483.30,0.98K,+0.61%
10-11-2019,1484.70,1495.80,1503.80,1474.70,1.43K,-0.82%
10-10-2019,1497.00,1512.50,1517.80,1492.00,0.97K,-0.79%
10-09-2019,1508.90,1509.50,1512.50,1501.50,0.29K,+0.59%
10-08-2019,1500.10,1495.00,1511.00,1488.40,1.30K,-0.04%
10-07-2019,1500.70,1514.10,1515.10,1492.00,0.29K,-0.56%
10-04-2019,1509.20,1509.00,1516.50,1498.10,0.57K,-0.06%
10-03-2019,1510.10,1502.10,1521.00,1498.30,0.62K,+0.40%
10-02-2019,1504.10,1482.90,1507.00,1477.70,0.80K,+1.27%
10-01-2019,1485.20,1475.00,1489.30,1461.50,1.18K,+1.09%
09-30-2019,1469.20,1497.60,1503.20,1467.00,1.54K,-2.23%
09-27-2019,1502.70,1508.30,1510.10,1489.80,1.03K,-0.34%
09-26-2019,1507.90,1503.70,1512.00,1500.00,8.18K,+0.19%
09-25-2019,1505.10,1530.90,1534.90,1499.80,15.73K,-1.79%
09-24-2019,1532.60,1522.80,1535.60,1515.50,8.57K,+0.56%
09-23-2019,1524.00,1515.20,1526.70,1511.00,7.98K,+1.06%
09-20-2019,1508.00,1499.50,1517.40,1498.70,7.38K,+0.57%
09-19-2019,1499.50,1494.40,1505.10,1489.80,4.86K,-0.64%
09-18-2019,1509.10,1502.60,1512.20,1484.00,8.29K,+0.15%
09-17-2019,1506.90,1499.40,1508.40,1494.60,10.85K,+0.14%
09-16-2019,1504.80,1500.30,1512.80,1496.90,5.61K,+0.80%
09-13-2019,1492.90,1499.80,1509.80,1486.70,6.27K,-0.53%
09-12-2019,1500.80,1499.10,1525.40,1490.50,6.91K,+0.28%
09-11-2019,1496.60,1486.80,1499.60,1486.80,4.59K,+0.26%
09-10-2019,1492.70,1500.20,1502.50,1485.70,6.18K,-0.78%
09-09-2019,1504.50,1509.20,1517.10,1499.10,7.33K,-0.30%
09-06-2019,1509.00,1520.60,1529.60,1504.50,12.64K,-0.66%
09-05-2019,1519.00,1555.00,1555.50,1508.20,13.90K,-2.25%
09-04-2019,1554.00,1549.80,1559.80,1536.50,8.15K,+0.28%
09-03-2019,1549.60,1526.00,1552.50,1521.70,8.48K,-0.40%
09-02-2019,1555.90,1535.20,1558.90,1528.00,554.83K,+2.16%
08-30-2019,1523.00,1530.60,1535.70,1519.30,6.28K,-0.49%
08-29-2019,1530.50,1542.20,1553.40,1522.30,16.57K,-0.54%
08-28-2019,1538.80,1540.90,1546.00,1531.70,2.76K,-0.17%
08-27-2019,1541.40,1526.90,1543.90,1526.00,1.89K,+0.93%
08-26-2019,1527.20,1535.40,1555.00,1525.40,2.35K,-0.05%
08-23-2019,1527.90,1498.20,1530.20,1493.40,2.73K,+1.95%
08-22-2019,1498.70,1502.50,1504.50,1492.60,2.13K,-0.49%
08-21-2019,1506.10,1506.00,1508.10,1497.10,2.10K,-0.01%
08-20-2019,1506.30,1497.60,1509.00,1494.90,1.60K,+0.28%
08-19-2019,1502.10,1513.00,1513.50,1493.90,1.62K,-0.79%
08-16-2019,1514.10,1524.30,1528.30,1504.80,1.25K,-0.50%
08-15-2019,1521.70,1519.40,1527.60,1509.50,2.35K,+0.21%
08-14-2019,1518.50,1502.80,1525.40,1495.00,3.03K,+0.94%
08-13-2019,1504.30,1512.30,1536.00,1480.00,6.27K,-0.23%
08-12-2019,1507.70,1499.10,1519.30,1488.80,3.57K,+0.61%
08-09-2019,1498.60,1509.20,1509.80,1496.20,2.78K,-0.07%
08-08-2019,1499.70,1502.30,1511.10,1491.90,2.49K,-0.66%
08-07-2019,1509.60,1476.90,1512.40,1475.70,7.32K,+2.33%
08-06-2019,1475.20,1472.10,1477.90,1459.30,3.80K,+0.51%
08-05-2019,1467.70,1444.90,1473.20,1440.10,4.77K,+1.31%
08-02-2019,1448.70,1449.70,1451.50,1434.40,4.02K,+1.72%
08-01-2019,1424.20,1413.00,1450.00,1403.80,5.69K,-0.34%
07-31-2019,1429.10,1435.00,1439.00,1413.80,4.03K,-0.30%
07-30-2019,1433.40,1430.70,1437.50,1426.30,3.55K,+0.92%
07-29-2019,1420.40,1419.00,1428.00,1414.40,224.27K,+0.08%
07-26-2019,1419.30,1414.90,1424.80,1412.90,306.02K,+0.33%
07-25-2019,1414.70,1426.80,1434.10,1411.10,489.39K,-0.63%
07-24-2019,1423.60,1418.60,1430.00,1416.70,318.16K,+0.13%
07-23-2019,1421.70,1426.00,1431.40,1414.60,386.68K,-0.36%
07-22-2019,1426.90,1428.50,1430.80,1423.00,255.35K,+0.01%
07-19-2019,1426.70,1448.30,1454.40,1421.10,530.02K,-0.10%
07-18-2019,1428.10,1428.50,1449.70,1415.60,481.33K,+0.34%
07-17-2019,1423.30,1407.90,1428.40,1401.30,358.17K,+0.86%
07-16-2019,1411.20,1416.40,1420.00,1402.10,334.82K,-0.16%
07-15-2019,1413.50,1417.70,1421.60,1409.30,243.38K,+0.09%
07-12-2019,1412.20,1406.20,1418.90,1404.50,284.97K,+0.39%
07-11-2019,1406.70,1421.10,1429.40,1402.70,400.09K,-0.41%
07-10-2019,1412.50,1400.00,1421.10,1391.80,443.50K,+0.86%
07-09-2019,1400.50,1397.90,1402.40,1387.50,287.18K,+0.04%
07-08-2019,1400.00,1401.00,1409.90,1393.80,318.69K,-0.01%
07-05-2019,1400.10,1421.60,1426.80,1388.60,577.38K,0.00%
07-04-2019,1400.10,1421.60,1426.80,1388.60,577.38K,-1.46%
07-03-2019,1420.90,1424.70,1441.00,1414.70,419.61K,+0.92%
07-02-2019,1408.00,1386.20,1424.00,1386.20,383.25K,+1.35%
07-01-2019,1389.30,1401.80,1401.90,1384.70,389.76K,-1.73%
06-28-2019,1413.70,1413.30,1427.80,1408.60,306.62K,+0.12%
06-27-2019,1412.00,1412.70,1415.30,1401.40,336.36K,+0.04%
06-26-2019,1411.50,1421.80,1421.80,1380.00,1.33K,-0.30%
06-25-2019,1415.80,1419.90,1438.20,1412.50,0.94K,+0.04%
06-24-2019,1415.20,1401.10,1421.40,1401.10,0.98K,+1.28%
06-21-2019,1397.30,1389.90,1412.00,1383.40,0.98K,+0.23%
06-20-2019,1394.10,1361.20,1393.90,1358.80,1.10K,+3.59%
06-19-2019,1345.80,1347.80,1363.00,1342.00,0.65K,-0.15%
06-18-2019,1347.80,1340.90,1354.80,1339.60,0.90K,+0.58%
06-17-2019,1340.00,1342.50,1343.90,1333.90,0.56K,-0.13%
06-14-2019,1341.70,1343.40,1359.00,1338.70,1.50K,+0.07%
06-13-2019,1340.80,1334.90,1344.00,1333.30,0.62K,+0.52%
06-12-2019,1333.90,1327.50,1338.80,1326.80,0.61K,+0.42%
06-11-2019,1328.30,1328.90,1330.40,1320.80,0.38K,+0.15%
06-10-2019,1326.30,1336.80,1337.50,1326.10,0.47K,-1.27%
06-07-2019,1343.30,1337.10,1349.50,1332.60,0.79K,+0.26%
06-06-2019,1339.80,1332.30,1341.20,1328.80,0.51K,+0.69%
06-05-2019,1330.60,1327.30,1345.60,1326.90,0.91K,+0.37%
06-04-2019,1325.70,1327.00,1330.80,1322.20,0.82K,+0.06%
06-03-2019,1324.90,1308.00,1329.70,1308.00,1.04K,+1.29%
05-31-2019,1308.00,1290.30,1308.50,1289.70,1.98K,+1.40%
05-30-2019,1289.90,1282.10,1291.00,1276.70,1.19K,+0.69%
05-29-2019,1281.00,1278.90,1285.20,1278.40,189.69K,+0.31%
05-28-2019,1277.10,1283.50,1286.90,1275.10,362.16K,0.00%
05-27-2019,1277.10,1283.50,1286.90,1275.10,362.16K,-0.51%
05-24-2019,1283.60,1283.20,1284.70,1280.10,218.71K,-0.14%
05-23-2019,1285.40,1273.30,1287.10,1272.10,330.16K,+0.88%
05-22-2019,1274.20,1274.40,1277.10,1272.00,191.37K,+0.08%
05-21-2019,1273.20,1277.70,1277.70,1269.00,213.17K,-0.32%
05-20-2019,1277.30,1277.60,1278.80,1273.30,212.18K,+0.13%
05-17-2019,1275.70,1287.20,1289.00,1274.60,264.57K,-0.82%
05-16-2019,1286.20,1297.70,1299.30,1284.20,282.07K,-0.89%
05-15-2019,1297.80,1298.00,1301.70,1293.60,247.52K,+0.12%
05-14-2019,1296.30,1300.80,1304.20,1294.30,222.05K,-0.42%
05-13-2019,1301.80,1288.30,1302.20,1282.40,379.44K,+1.12%
05-10-2019,1287.40,1285.00,1290.30,1283.90,238.64K,+0.17%
05-09-2019,1285.20,1281.90,1289.20,1280.40,306.55K,+0.30%
05-08-2019,1281.40,1285.60,1292.80,1280.20,302.69K,-0.33%
05-07-2019,1285.60,1282.40,1287.30,1279.10,251.09K,+0.14%
05-06-2019,1283.80,1281.80,1287.40,1278.10,244.34K,+0.20%
05-03-2019,1281.30,1271.60,1283.90,1269.00,280.32K,+0.73%
05-02-2019,1272.00,1278.50,1279.40,1267.30,282.50K,-0.95%
05-01-2019,1284.20,1285.20,1289.40,1274.50,275.43K,-0.12%
04-30-2019,1285.70,1281.90,1288.20,1281.50,239.44K,+0.33%
04-29-2019,1281.50,1289.00,1289.10,1279.90,208.96K,-0.31%
04-26-2019,1285.50,1277.00,1287.20,1276.20,0.80K,+0.71%
04-25-2019,1276.40,1273.60,1281.20,1272.70,0.98K,-0.02%
04-24-2019,1276.60,1271.50,1276.50,1267.90,0.34K,+0.47%
04-23-2019,1270.60,1274.40,1275.00,1265.90,0.73K,-0.32%
04-22-2019,1274.70,1275.30,1278.60,1272.90,0.13K,+0.13%
04-18-2019,1273.10,1273.50,1276.60,1270.40,0.57K,-0.05%
04-17-2019,1273.80,1276.30,1279.20,1272.50,0.46K,-0.03%
04-16-2019,1274.20,1288.70,1288.70,1273.00,1.54K,-1.11%
04-15-2019,1288.50,1291.20,1292.10,1283.00,0.43K,-0.29%
04-12-2019,1292.20,1293.30,1296.30,1290.50,0.35K,+0.13%
04-11-2019,1290.50,1308.50,1309.10,1290.40,1.51K,-1.51%
04-10-2019,1310.30,1305.00,1311.00,1301.70,0.79K,+0.40%
04-09-2019,1305.10,1298.70,1307.00,1297.50,0.59K,+0.49%
04-08-2019,1298.80,1294.40,1304.40,1292.70,0.94K,+0.48%
04-05-2019,1292.60,1293.70,1294.50,1285.60,0.44K,+0.09%
04-04-2019,1291.40,1291.50,1295.70,1282.00,1.14K,-0.07%
04-03-2019,1292.30,1293.60,1296.00,1290.00,1.02K,-0.02%
04-02-2019,1292.50,1288.70,1293.80,1286.80,0.93K,+0.10%
04-01-2019,1291.20,1294.30,1298.30,1288.30,1.55K,-0.34%
03-29-2019,1295.60,1292.20,1301.50,1288.60,1.31K,+0.24%
03-28-2019,1292.50,1312.60,1314.20,1290.50,3.66K,-1.37%
03-27-2019,1310.40,1315.40,1318.80,1307.30,206.26K,-0.35%
03-26-2019,1315.00,1321.50,1323.00,1312.10,267.17K,-0.57%
03-25-2019,1322.60,1313.30,1324.50,1310.60,251.98K,+0.78%
03-22-2019,1312.30,1309.30,1314.70,1306.50,271.38K,+0.38%
03-21-2019,1307.30,1312.70,1320.20,1302.80,332.61K,+0.43%
03-20-2019,1301.70,1306.00,1317.20,1298.10,370.40K,-0.37%
03-19-2019,1306.50,1303.70,1310.80,1302.10,206.90K,+0.38%
03-18-2019,1301.50,1302.00,1306.70,1298.00,176.49K,-0.11%
03-15-2019,1302.90,1295.60,1306.30,1293.70,234.65K,+0.60%
03-14-2019,1295.10,1309.50,1310.30,1292.50,248.21K,-1.08%
03-13-2019,1309.30,1301.80,1311.60,1300.60,214.24K,+0.86%
03-12-2019,1298.10,1293.60,1302.60,1292.00,203.89K,+0.54%
03-11-2019,1291.10,1298.20,1299.20,1290.60,196.86K,-0.63%
03-08-2019,1299.30,1286.70,1301.30,1285.60,283.84K,+1.03%
03-07-2019,1286.10,1287.30,1289.60,1280.80,257.92K,-0.12%
03-06-2019,1287.60,1288.80,1291.80,1284.30,192.93K,+0.23%
03-05-2019,1284.70,1287.80,1290.60,1282.00,216.93K,-0.22%
03-04-2019,1287.50,1294.40,1298.10,1283.80,268.39K,-0.90%
03-01-2019,1299.20,1315.50,1316.50,1291.30,343.47K,-1.28%
02-28-2019,1316.10,1321.70,1328.90,1314.00,252.24K,-0.39%
02-27-2019,1321.20,1331.00,1332.00,1318.40,198.04K,-0.31%
02-26-2019,1325.30,1326.60,1329.10,1322.90,0.94K,-0.09%
02-25-2019,1326.50,1327.00,1331.60,1324.30,0.67K,-0.24%
02-22-2019,1329.70,1323.40,1332.20,1321.40,0.59K,+0.39%
02-21-2019,1324.60,1338.30,1339.70,1320.80,1.39K,-1.45%
02-20-2019,1344.10,1339.50,1345.70,1335.80,1.34K,+0.25%
02-19-2019,1340.80,1322.00,1340.80,1320.90,1.63K,-0.30%
02-18-2019,1344.80,1325.00,1345.00,1323.80,348.64K,+1.95%
02-15-2019,1319.10,1312.70,1322.20,1312.20,1.03K,+0.59%
02-14-2019,1311.30,1307.50,1314.60,1302.70,0.87K,-0.08%
02-13-2019,1312.40,1311.70,1318.70,1305.50,0.83K,+0.08%
02-12-2019,1311.30,1307.60,1315.40,1307.60,0.46K,+0.16%
02-11-2019,1309.20,1315.50,1315.50,1304.60,0.52K,-0.51%
02-08-2019,1315.90,1311.30,1316.60,1309.40,0.43K,+0.33%
02-07-2019,1311.60,1308.00,1313.00,1304.00,0.98K,-0.01%
02-06-2019,1311.70,1316.40,1316.90,1307.40,0.56K,-0.36%
02-05-2019,1316.50,1313.50,1318.20,1312.20,0.28K,-0.01%
02-04-2019,1316.60,1319.60,1320.20,1310.00,0.98K,-0.20%
02-01-2019,1319.30,1323.20,1325.10,1317.80,1.16K,-0.23%
01-31-2019,1322.30,1321.80,1328.00,1319.40,1.43K,+0.72%
01-30-2019,1312.80,1313.40,1326.80,1311.10,2.84K,+0.30%
01-29-2019,1308.90,1302.50,1310.80,1301.70,213.61K,+0.45%
01-28-2019,1303.10,1302.30,1303.70,1296.50,243.07K,+0.39%
01-25-2019,1298.10,1280.10,1303.40,1278.90,303.84K,+1.43%
01-24-2019,1279.80,1282.30,1283.90,1275.30,225.77K,-0.33%
01-23-2019,1284.00,1284.60,1286.00,1277.70,217.13K,+0.05%
01-22-2019,1283.40,1280.70,1285.00,1276.00,318.85K,0.00%
01-21-2019,1283.40,1280.70,1285.00,1276.00,318.85K,+0.06%
01-18-2019,1282.60,1291.90,1292.20,1280.10,225.57K,-0.75%
01-17-2019,1292.30,1293.90,1295.00,1288.30,191.98K,-0.12%
01-16-2019,1293.80,1289.60,1295.40,1287.60,181.39K,+0.42%
01-15-2019,1288.40,1292.40,1294.80,1286.50,242.07K,-0.22%
01-14-2019,1291.30,1288.00,1296.60,1287.70,221.89K,+0.14%
01-11-2019,1289.50,1287.60,1295.70,1287.00,210.64K,+0.16%
01-10-2019,1287.40,1294.70,1298.00,1286.70,239.92K,-0.36%
01-09-2019,1292.00,1286.10,1295.00,1280.90,245.97K,+0.47%
01-08-2019,1285.90,1289.90,1291.40,1280.20,221.92K,-0.31%
01-07-2019,1289.90,1287.00,1297.00,1284.10,204.68K,+0.32%
01-04-2019,1285.80,1296.50,1300.40,1278.10,316.06K,-0.70%
01-03-2019,1294.80,1288.50,1296.90,1286.40,244.54K,+0.83%
01-02-2019,1284.10,1285.00,1291.00,1280.60,235.33K,+0.22%
12-31-2018,1281.30,1283.00,1286.50,1279.70,113.26K,-0.13%
12-28-2018,1283.00,1278.00,1284.70,1276.50,162.73K,+0.44%
12-27-2018,1277.40,1265.30,1277.50,1265.30,0.48K,+0.66%
12-26-2018,1269.00,1268.50,1278.10,1263.80,0.40K,+0.09%
12-24-2018,1267.90,1258.40,1269.60,1258.20,0.74K,+1.06%
12-21-2018,1254.60,1260.60,1262.00,1254.20,0.66K,-0.74%
12-20-2018,1263.90,1244.30,1265.70,1242.30,0.77K,+0.90%
12-19-2018,1252.60,1250.00,1258.20,1241.60,0.60K,+0.20%
12-18-2018,1250.10,1246.30,1250.40,1246.10,0.23K,+0.15%
12-17-2018,1248.20,1236.30,1248.30,1236.30,0.24K,+0.83%
12-14-2018,1237.90,1242.30,1243.20,1233.10,0.38K,-0.47%
12-13-2018,1243.70,1245.50,1247.50,1241.20,0.33K,-0.19%
12-12-2018,1246.10,1244.90,1247.50,1243.70,0.43K,+0.27%
12-11-2018,1242.80,1245.70,1250.50,1242.30,0.50K,-0.17%
12-10-2018,1244.90,1251.40,1251.80,1242.60,1.59K,-0.26%
12-07-2018,1248.20,1239.10,1251.40,1239.10,1.56K,+0.69%
12-06-2018,1239.70,1240.60,1246.10,1236.90,1.64K,+0.05%
12-05-2018,1239.10,1240.80,1241.10,1236.40,1.12K,-0.34%
12-04-2018,1243.30,1233.40,1244.50,1233.40,1.84K,+0.52%
12-03-2018,1236.90,1225.40,1237.40,1224.20,0.94K,+1.09%
11-30-2018,1223.60,1227.50,1228.60,1219.40,0.60K,-0.35%
11-29-2018,1227.90,1224.20,1232.20,1224.20,1.71K,+0.35%
11-28-2018,1223.60,1214.30,1227.70,1210.50,247.17K,+0.84%
11-27-2018,1213.40,1222.60,1225.20,1211.40,307.89K,-0.74%
11-26-2018,1222.40,1223.90,1228.60,1221.70,267.32K,-0.07%
11-23-2018,1223.20,1226.80,1229.70,1220.30,240.35K,0.00%
11-22-2018,1223.20,1227.80,1229.20,1220.30,240.35K,-0.39%
11-21-2018,1228.00,1222.40,1230.90,1220.10,227.21K,+0.56%
11-20-2018,1221.20,1224.60,1229.50,1220.30,255.20K,-0.33%
11-19-2018,1225.30,1222.60,1226.50,1218.50,198.39K,+0.19%
11-16-2018,1223.00,1214.40,1226.00,1213.70,242.04K,+0.66%
11-15-2018,1215.00,1211.80,1217.00,1207.10,253.57K,+0.40%
11-14-2018,1210.10,1202.80,1217.20,1198.10,277.87K,+0.72%
11-13-2018,1201.40,1201.10,1205.50,1196.60,248.93K,-0.17%
11-12-2018,1203.50,1210.30,1212.00,1200.60,203.64K,-0.42%
11-09-2018,1208.60,1224.30,1224.60,1207.20,322.35K,-1.35%
11-08-2018,1225.10,1227.70,1228.50,1220.80,239.02K,-0.29%
11-07-2018,1228.70,1228.90,1238.40,1224.20,259.29K,+0.20%
11-06-2018,1226.30,1233.40,1237.80,1224.90,199.67K,-0.49%
11-05-2018,1232.30,1234.50,1236.80,1228.40,159.43K,-0.08%
11-02-2018,1233.30,1235.30,1238.40,1231.30,256.02K,-0.43%
11-01-2018,1238.60,1216.60,1239.30,1216.10,313.45K,+1.94%
10-31-2018,1215.00,1224.70,1225.00,1213.40,247.06K,-0.84%
10-30-2018,1225.30,1231.90,1232.50,1221.40,224.64K,+0.05%
10-29-2018,1224.70,1232.60,1232.70,1223.60,0.21K,-0.62%
10-26-2018,1232.40,1229.80,1242.60,1229.80,0.28K,+0.24%
10-25-2018,1229.50,1233.90,1238.40,1227.90,0.32K,+0.09%
10-24-2018,1228.40,1230.70,1235.30,1225.90,0.37K,-0.46%
10-23-2018,1234.10,1223.10,1240.30,1222.70,0.34K,+0.99%
10-22-2018,1222.00,1227.90,1228.50,1220.50,0.12K,-0.33%
10-19-2018,1226.00,1226.70,1231.20,1223.70,0.12K,-0.11%
10-18-2018,1227.40,1222.80,1230.20,1219.50,0.25K,+0.21%
10-17-2018,1224.80,1226.40,1230.00,1221.60,0.21K,-0.29%
10-16-2018,1228.40,1228.00,1233.40,1224.50,0.34K,+0.05%
10-15-2018,1227.80,1218.20,1234.30,1218.20,0.34K,+0.68%
10-12-2018,1219.50,1224.40,1224.40,1217.10,0.30K,-0.46%
10-11-2018,1225.10,1195.30,1227.00,1192.30,0.98K,+2.88%
10-10-2018,1190.80,1189.90,1195.30,1186.00,0.29K,+0.17%
10-09-2018,1188.80,1189.60,1192.50,1184.00,0.20K,+0.25%
10-08-2018,1185.80,1204.60,1204.60,1184.60,0.32K,-1.41%
10-05-2018,1202.80,1200.70,1205.90,1199.00,0.20K,+0.33%
10-04-2018,1198.80,1198.30,1207.60,1197.20,0.15K,-0.11%
10-03-2018,1200.10,1204.40,1209.10,1198.10,0.21K,-0.34%
10-02-2018,1204.20,1191.30,1209.10,1190.10,0.80K,+1.24%
10-01-2018,1189.40,1193.90,1193.90,1186.50,0.21K,-0.38%
09-28-2018,1193.90,1184.60,1194.30,1182.60,0.41K,+0.71%
09-27-2018,1185.50,1196.80,1200.40,1184.20,0.34K,-0.75%
09-26-2018,1194.40,1200.30,1201.30,1190.00,17.86K,-0.44%
09-25-2018,1199.70,1198.10,1202.50,1196.60,14.90K,+0.01%
09-24-2018,1199.60,1199.50,1203.90,1194.10,9.70K,+0.25%
09-21-2018,1196.60,1207.40,1210.80,1191.80,6.85K,-0.83%
09-20-2018,1206.60,1204.40,1208.50,1201.00,7.49K,+0.22%
09-19-2018,1203.90,1198.40,1206.40,1198.30,6.80K,+0.45%
09-18-2018,1198.50,1201.90,1203.50,1196.10,4.13K,-0.22%
09-17-2018,1201.20,1194.70,1205.00,1193.00,6.10K,+0.42%
09-14-2018,1196.20,1201.80,1208.50,1192.90,6.82K,-0.55%
09-13-2018,1202.80,1207.00,1212.40,1200.00,13.99K,-0.22%
09-12-2018,1205.50,1197.70,1208.30,1192.40,5.02K,+0.73%
09-11-2018,1196.80,1195.40,1199.50,1187.40,6.84K,+0.19%
09-10-2018,1194.50,1195.40,1198.50,1190.90,6.24K,-0.05%
09-07-2018,1195.10,1200.30,1203.50,1193.50,8.27K,-0.33%
09-06-2018,1199.00,1197.00,1207.40,1195.70,10.08K,+0.24%
09-05-2018,1196.10,1192.00,1198.90,1191.60,6.88K,+0.18%
09-04-2018,1194.00,1201.10,1204.50,1190.43,10.11K,-0.43%
09-03-2018,1199.10,1207.00,1207.60,1195.10,421.47K,-0.21%
08-31-2018,1201.60,1201.50,1209.70,1199.10,5.65K,+0.13%
08-30-2018,1200.00,1207.70,1209.00,1197.20,5.16K,-0.35%
08-29-2018,1204.20,1200.90,1205.80,1200.90,0.82K,-0.27%
08-28-2018,1207.50,1210.90,1213.80,1199.60,1.22K,-0.14%
08-27-2018,1209.20,1206.30,1211.50,1202.30,0.73K,+0.24%
08-24-2018,1206.30,1185.30,1207.90,1183.00,0.59K,+1.61%
08-23-2018,1187.20,1196.10,1196.50,1183.50,0.48K,-0.77%
08-22-2018,1196.40,1196.00,1201.10,1193.00,0.38K,+0.27%
08-21-2018,1193.20,1190.60,1197.00,1187.70,0.47K,+0.45%
08-20-2018,1187.80,1183.90,1190.30,1182.90,0.25K,+0.89%
08-17-2018,1177.30,1173.70,1184.70,1172.10,0.54K,+0.02%
08-16-2018,1177.10,1175.80,1181.70,1160.40,1.35K,-0.09%
08-15-2018,1178.20,1194.20,1194.80,1173.20,1.13K,-1.32%
08-14-2018,1194.00,1194.50,1199.00,1192.50,0.79K,+0.15%
08-13-2018,1192.20,1211.60,1214.50,1191.80,1.54K,-1.64%
08-10-2018,1212.10,1212.90,1217.70,1206.50,0.82K,-0.07%
08-09-2018,1213.00,1214.30,1218.20,1212.00,0.51K,-0.10%
08-08-2018,1214.20,1211.50,1216.40,1207.00,0.63K,+0.25%
08-07-2018,1211.20,1209.20,1216.90,1209.00,1.06K,+0.05%
08-06-2018,1210.60,1215.20,1218.70,1207.50,0.70K,-0.44%
08-03-2018,1215.90,1209.30,1221.10,1205.30,1.00K,+0.25%
08-02-2018,1212.90,1218.70,1222.60,1208.40,1.62K,-0.61%
08-01-2018,1220.30,1225.60,1226.50,1217.20,0.89K,-0.50%
07-31-2018,1226.40,1223.50,1230.60,1215.80,1.10K,+0.18%
07-30-2018,1224.20,1225.80,1227.10,1221.70,1.69K,+0.10%
07-27-2018,1223.00,1222.40,1226.90,1216.70,254.43K,-0.22%
07-26-2018,1225.70,1231.70,1235.30,1221.70,285.61K,-0.50%
07-25-2018,1231.80,1224.20,1234.30,1223.20,272.25K,+0.51%
07-24-2018,1225.50,1224.40,1229.70,1218.10,299.06K,-0.01%
07-23-2018,1225.60,1231.70,1235.20,1222.20,333.33K,-0.45%
07-20-2018,1231.10,1222.90,1232.40,1215.30,355.23K,+0.58%
07-19-2018,1224.00,1227.30,1229.60,1210.70,428.88K,-0.32%
07-18-2018,1227.90,1227.00,1229.10,1220.90,283.98K,+0.05%
07-17-2018,1227.30,1240.80,1245.10,1225.90,318.22K,-1.00%
07-16-2018,1239.70,1241.00,1245.80,1238.30,186.30K,-0.12%
07-13-2018,1241.20,1247.70,1248.50,1236.20,257.31K,-0.43%
07-12-2018,1246.60,1242.30,1248.80,1241.40,220.96K,+0.18%
07-11-2018,1244.40,1256.70,1257.30,1241.70,299.64K,-0.88%
07-10-2018,1255.40,1258.50,1261.00,1247.70,272.63K,-0.33%
07-09-2018,1259.60,1255.70,1266.90,1255.70,238.97K,+0.30%
07-06-2018,1255.80,1258.40,1260.20,1253.70,200.19K,-0.24%
07-05-2018,1258.80,1253.50,1262.40,1252.20,392.95K,0.00%
07-04-2018,1258.80,1257.70,1261.00,1252.20,392.95K,+0.42%
07-03-2018,1253.50,1242.90,1258.50,1238.80,297.34K,+0.95%
07-02-2018,1241.70,1253.40,1255.60,1240.60,262.87K,-1.02%
06-29-2018,1254.50,1249.50,1257.10,1246.90,226.20K,+0.28%
06-28-2018,1251.00,1253.60,1255.80,1247.20,241.82K,-0.16%
06-27-2018,1253.00,1258.20,1259.00,1249.50,1.16K,-0.40%
06-26-2018,1258.00,1266.40,1266.50,1255.00,0.50K,-0.73%
06-25-2018,1267.20,1271.00,1272.30,1264.60,0.29K,-0.13%
06-22-2018,1268.90,1267.40,1270.50,1266.60,0.51K,+0.02%
06-21-2018,1268.60,1268.50,1269.90,1261.80,0.75K,-0.30%
06-20-2018,1272.40,1275.20,1276.00,1267.50,0.47K,-0.32%
06-19-2018,1276.50,1278.60,1284.10,1271.10,0.45K,-0.12%
06-18-2018,1278.00,1279.00,1282.60,1277.60,0.42K,+0.13%
06-15-2018,1276.30,1304.20,1304.50,1276.00,1.53K,-2.29%
06-14-2018,1306.20,1300.40,1310.80,1298.90,0.72K,+0.54%
06-13-2018,1299.20,1297.20,1302.70,1292.70,0.63K,+0.15%
06-12-2018,1297.20,1301.50,1301.80,1294.20,0.48K,-0.29%
06-11-2018,1301.00,1300.70,1304.60,1296.00,0.40K,+0.04%
06-08-2018,1300.50,1299.40,1302.20,1295.00,0.45K,-0.02%
06-07-2018,1300.70,1298.60,1305.10,1296.90,0.39K,+0.12%
06-06-2018,1299.20,1298.60,1303.20,1295.90,0.69K,-0.05%
06-05-2018,1299.90,1294.20,1302.50,1291.20,0.77K,+0.37%
06-04-2018,1295.10,1294.90,1299.70,1291.80,0.54K,-0.15%
06-01-2018,1297.10,1301.30,1301.80,1291.10,0.92K,-0.42%
05-31-2018,1302.60,1304.20,1309.20,1298.80,1.08K,-0.15%
05-30-2018,1304.50,1300.70,1306.60,1298.10,1.75K,+0.42%
05-29-2018,1299.00,1299.00,1306.10,1291.40,386.33K,0.00%
05-28-2018,1299.00,1297.20,1306.10,1291.40,386.33K,-0.36%
05-25-2018,1303.70,1304.00,1307.20,1299.40,292.91K,-0.05%
05-24-2018,1304.40,1293.30,1306.40,1292.20,432.42K,+1.15%
05-23-2018,1289.60,1290.60,1298.40,1286.70,402.34K,-0.19%
05-22-2018,1292.00,1292.30,1296.00,1287.20,291.72K,+0.09%
05-21-2018,1290.90,1290.30,1292.70,1281.20,328.02K,-0.03%
05-18-2018,1291.30,1290.00,1293.70,1285.10,264.43K,+0.15%
05-17-2018,1289.40,1290.20,1294.00,1284.00,298.82K,-0.16%
05-16-2018,1291.50,1290.10,1296.40,1285.70,333.61K,+0.09%
05-15-2018,1290.30,1313.20,1314.70,1288.20,485.20K,-2.12%
05-14-2018,1318.20,1318.30,1322.40,1312.80,241.23K,-0.19%
05-11-2018,1320.70,1321.80,1326.30,1317.00,263.47K,-0.12%
05-10-2018,1322.30,1312.80,1323.40,1310.60,373.54K,+0.71%
05-09-2018,1313.00,1315.30,1317.80,1304.20,384.04K,-0.05%
05-08-2018,1313.70,1314.10,1318.50,1306.20,407.41K,-0.03%
05-07-2018,1314.10,1316.30,1320.10,1310.60,235.29K,-0.05%
05-04-2018,1314.70,1312.80,1316.90,1308.50,308.48K,+0.15%
05-03-2018,1312.70,1305.50,1319.00,1305.20,306.72K,+0.54%
05-02-2018,1305.60,1304.40,1314.90,1304.30,370.24K,-0.09%
05-01-2018,1306.80,1316.00,1317.40,1302.30,283.43K,-0.94%
04-30-2018,1319.20,1324.00,1325.90,1310.70,295.96K,-0.32%
04-27-2018,1323.40,1318.00,1326.40,1315.80,241.65K,+0.67%
04-26-2018,1314.60,1320.70,1324.00,1314.60,0.57K,-0.37%
04-25-2018,1319.50,1328.60,1329.90,1317.20,0.62K,-0.77%
04-24-2018,1329.70,1323.20,1330.70,1321.30,0.54K,+0.69%
04-23-2018,1320.60,1331.10,1333.60,1320.70,0.42K,-1.07%
04-20-2018,1334.90,1344.60,1344.70,1333.80,0.31K,-0.78%
04-19-2018,1345.40,1348.80,1354.00,1340.00,0.43K,-0.36%
04-18-2018,1350.20,1345.10,1355.20,1342.20,0.62K,+0.29%
04-17-2018,1346.30,1347.50,1348.00,1337.40,0.40K,-0.09%
04-16-2018,1347.50,1346.50,1350.20,1339.80,0.32K,+0.21%
04-13-2018,1344.70,1335.30,1346.30,1333.20,0.80K,+0.45%
04-12-2018,1338.70,1353.00,1353.30,1333.60,0.90K,-1.34%
04-11-2018,1356.90,1339.60,1365.80,1339.60,1.78K,+1.04%
04-10-2018,1342.90,1336.90,1342.70,1331.30,0.39K,+0.43%
04-09-2018,1337.10,1335.10,1338.30,1327.60,0.55K,+0.30%
04-06-2018,1333.10,1327.90,1335.90,1319.80,0.64K,+0.57%
04-05-2018,1325.50,1333.60,1335.20,1323.00,0.59K,-0.87%
04-04-2018,1337.10,1333.00,1348.70,1332.90,1.23K,+0.22%
04-03-2018,1334.20,1341.50,1343.20,1329.70,0.70K,-0.72%
04-02-2018,1343.90,1326.60,1345.50,1326.40,0.89K,+1.48%
03-29-2018,1324.30,1325.80,1329.20,1322.40,1.30K,-0.20%
03-28-2018,1326.90,1347.30,1348.80,1325.00,2.83K,-1.13%
03-27-2018,1342.00,1353.60,1356.80,1339.60,290.89K,-0.96%
03-26-2018,1355.00,1347.00,1356.00,1343.40,346.05K,+0.38%
03-23-2018,1349.90,1329.00,1350.40,1328.90,454.13K,+1.70%
03-22-2018,1327.40,1332.00,1335.00,1324.60,358.56K,+0.45%
03-21-2018,1321.50,1310.60,1336.90,1309.50,470.29K,+0.73%
03-20-2018,1311.90,1316.50,1318.10,1306.60,292.33K,-0.45%
03-19-2018,1317.80,1312.90,1319.60,1307.40,300.47K,+0.42%
03-16-2018,1312.30,1316.80,1321.80,1309.50,289.60K,-0.42%
03-15-2018,1317.80,1324.70,1328.10,1314.90,257.89K,-0.59%
03-14-2018,1325.60,1326.70,1330.50,1321.70,252.58K,-0.11%
03-13-2018,1327.10,1323.30,1328.80,1313.80,330.26K,+0.48%
03-12-2018,1320.80,1324.10,1325.00,1315.30,220.36K,-0.24%
03-09-2018,1324.00,1322.70,1325.90,1313.20,345.32K,+0.17%
03-08-2018,1321.70,1326.20,1329.80,1319.60,252.83K,-0.44%
03-07-2018,1327.60,1339.50,1342.00,1323.00,305.08K,-0.57%
03-06-2018,1335.20,1321.00,1339.90,1320.80,285.92K,+1.16%
03-05-2018,1319.90,1324.90,1328.90,1318.30,221.22K,-0.26%
03-02-2018,1323.40,1318.00,1326.60,1316.20,264.39K,+1.39%
03-01-2018,1305.20,1319.30,1322.30,1303.60,421.74K,-0.96%
02-28-2018,1317.90,1318.90,1323.70,1316.70,263.80K,-0.05%
02-27-2018,1318.60,1334.70,1338.40,1314.40,334.72K,-0.88%
02-26-2018,1330.30,1327.70,1339.90,1326.70,0.65K,+0.18%
02-23-2018,1327.90,1330.90,1330.90,1325.80,0.40K,-0.19%
02-22-2018,1330.40,1324.40,1331.40,1320.40,0.92K,+0.05%
02-21-2018,1329.80,1329.60,1335.90,1322.20,1.08K,+0.07%
02-20-2018,1328.90,1349.60,1350.80,1328.70,1.09K,-0.17%
02-19-2018,1331.20,1350.20,1354.00,1330.60,374.05K,-1.66%
02-16-2018,1353.70,1353.70,1361.20,1345.40,0.63K,+0.06%
02-15-2018,1352.90,1350.50,1357.00,1348.60,0.76K,-0.20%
02-14-2018,1355.60,1330.10,1356.00,1317.50,1.29K,+2.08%
02-13-2018,1328.00,1323.00,1330.50,1321.60,0.51K,+0.30%
02-12-2018,1324.00,1316.20,1326.10,1316.10,0.75K,+0.81%
02-09-2018,1313.30,1319.60,1321.90,1310.90,0.96K,-0.24%
02-08-2018,1316.50,1318.10,1321.60,1307.10,1.59K,+0.33%
02-07-2018,1312.20,1324.80,1332.20,1311.20,1.57K,-1.11%
02-06-2018,1326.90,1339.20,1346.20,1321.10,1.48K,-0.52%
02-05-2018,1333.80,1332.70,1341.50,1329.20,0.87K,-0.06%
02-02-2018,1334.60,1348.30,1350.10,1327.30,2.12K,-0.77%
02-01-2018,1345.00,1344.70,1351.30,1337.80,1.29K,+0.34%
01-31-2018,1340.40,1337.70,1348.00,1333.00,1.25K,+0.24%
01-30-2018,1337.20,1341.70,1349.50,1334.70,1.88K,-0.23%
01-29-2018,1340.30,1349.00,1351.40,1336.10,280.55K,-0.87%
01-26-2018,1352.10,1346.40,1356.00,1343.70,341.96K,-0.79%
01-25-2018,1362.90,1357.00,1365.40,1341.00,537.66K,+0.49%
01-24-2018,1356.30,1341.40,1361.60,1339.10,505.63K,+1.47%
01-23-2018,1336.70,1333.00,1341.50,1330.70,370.17K,+0.36%
01-22-2018,1331.90,1334.00,1335.80,1328.00,337.48K,-0.09%
01-19-2018,1333.10,1327.00,1338.20,1326.60,275.30K,+0.44%
01-18-2018,1327.20,1327.40,1333.30,1324.30,312.11K,-0.90%
01-17-2018,1339.20,1339.00,1344.50,1326.60,365.87K,+0.16%
01-16-2018,1337.10,1337.30,1345.00,1332.10,499.76K,0.00%
01-15-2018,1337.10,1337.30,1345.00,1332.10,499.76K,+0.16%
01-12-2018,1334.90,1323.60,1340.00,1320.80,365.20K,+0.94%
01-11-2018,1322.50,1317.50,1324.70,1316.10,264.30K,+0.24%
01-10-2018,1319.30,1313.30,1328.60,1308.90,391.66K,+0.43%
01-09-2018,1313.70,1321.20,1321.40,1309.50,333.53K,-0.51%
01-08-2018,1320.40,1321.80,1323.00,1315.70,246.09K,-0.14%
01-05-2018,1322.30,1324.40,1324.70,1314.60,330.23K,+0.05%
01-04-2018,1321.60,1315.50,1327.30,1307.10,369.85K,+0.24%
01-03-2018,1318.50,1319.00,1323.00,1308.90,353.46K,+0.18%
01-02-2018,1316.10,1305.30,1320.40,1304.60,279.73K,+0.52%
12-29-2017,1309.30,1297.50,1309.80,1296.10,241.27K,+0.93%
12-28-2017,1297.20,1292.00,1297.30,1290.50,225.66K,+0.69%
12-27-2017,1288.30,1285.00,1290.00,1283.70,0.46K,+0.22%
12-26-2017,1285.50,1276.20,1286.10,1276.20,0.38K,+0.67%
12-22-2017,1277.00,1268.10,1278.50,1267.30,0.50K,+0.65%
12-21-2017,1268.80,1267.70,1270.50,1265.50,0.39K,+0.08%
12-20-2017,1267.80,1263.10,1269.40,1262.90,0.43K,+0.43%
12-19-2017,1262.40,1262.30,1266.50,1260.80,0.58K,-0.10%
12-18-2017,1263.70,1254.90,1265.20,1254.90,0.28K,+0.63%
12-15-2017,1255.80,1254.40,1262.40,1254.00,0.87K,+0.04%
12-14-2017,1255.30,1255.60,1259.70,1251.10,0.54K,+0.67%
12-13-2017,1246.90,1244.00,1257.50,1240.80,1.00K,+0.57%
12-12-2017,1239.80,1241.90,1245.60,1236.50,0.80K,-0.43%
12-11-2017,1245.10,1248.70,1251.40,1240.70,0.49K,-0.11%
12-08-2017,1246.50,1247.40,1252.00,1243.10,0.63K,-0.39%
12-07-2017,1251.40,1263.90,1263.90,1244.50,1.01K,-1.02%
12-06-2017,1264.30,1266.30,1269.70,1263.50,0.57K,+0.10%
12-05-2017,1263.00,1277.00,1277.70,1261.40,1.39K,-0.98%
12-04-2017,1275.50,1278.90,1278.90,1271.50,1.15K,-0.37%
12-01-2017,1280.20,1276.00,1290.00,1272.70,2.52K,+0.42%
11-30-2017,1274.80,1284.50,1286.00,1271.30,1.61K,-0.69%
11-29-2017,1283.70,1294.40,1297.30,1282.80,1.84K,-0.86%
11-28-2017,1294.90,1293.90,1297.00,1290.10,275.44K,+0.04%
11-27-2017,1294.40,1288.00,1299.00,1286.20,321.35K,+0.55%
11-24-2017,1287.30,1291.90,1293.30,1285.10,347.03K,0.00%
11-23-2017,1287.30,1291.90,1293.30,1285.10,347.03K,-0.38%
11-22-2017,1292.20,1280.60,1294.60,1278.60,390.31K,+0.82%
11-21-2017,1281.70,1276.60,1284.50,1275.80,330.15K,+0.50%
11-20-2017,1275.30,1294.10,1295.10,1274.10,425.16K,-1.64%
11-17-2017,1296.50,1278.80,1297.50,1278.10,387.02K,+1.43%
11-16-2017,1278.20,1278.00,1281.80,1274.90,274.43K,+0.04%
11-15-2017,1277.70,1280.70,1290.00,1276.50,433.65K,-0.41%
11-14-2017,1282.90,1278.90,1283.80,1269.70,355.20K,+0.31%
11-13-2017,1278.90,1275.30,1279.90,1274.40,220.91K,+0.37%
11-10-2017,1274.20,1286.00,1287.70,1273.60,354.58K,-1.03%
11-09-2017,1287.50,1282.10,1289.50,1280.50,394.18K,+0.30%
11-08-2017,1283.70,1276.40,1288.10,1276.10,358.13K,+0.62%
11-07-2017,1275.80,1282.60,1282.80,1272.30,337.27K,-0.45%
11-06-2017,1281.60,1270.70,1283.90,1266.40,354.77K,+0.98%
11-03-2017,1269.20,1277.50,1281.20,1265.90,373.41K,-0.70%
11-02-2017,1278.10,1275.20,1285.10,1274.00,380.14K,+0.06%
11-01-2017,1277.30,1271.80,1281.90,1268.50,384.64K,+0.54%
10-31-2017,1270.50,1277.60,1279.10,1268.30,272.51K,-0.56%
10-30-2017,1277.70,1274.30,1279.90,1269.80,260.08K,+0.75%
10-27-2017,1268.20,1264.40,1270.20,1261.80,0.57K,+0.11%
10-26-2017,1266.80,1276.60,1280.50,1264.20,0.27K,-0.74%
10-25-2017,1276.30,1275.90,1277.90,1269.60,0.57K,+0.04%
10-24-2017,1275.80,1280.70,1282.20,1272.70,0.45K,-0.23%
10-23-2017,1278.80,1277.00,1282.20,1272.30,1.15K,+0.02%
10-20-2017,1278.60,1290.00,1290.60,1278.30,0.56K,-0.74%
10-19-2017,1288.10,1280.40,1289.70,1277.00,0.51K,+0.54%
10-18-2017,1281.20,1285.00,1288.50,1277.50,0.49K,-0.25%
10-17-2017,1284.40,1296.00,1296.00,1282.30,0.78K,-1.29%
10-16-2017,1301.20,1303.90,1306.20,1291.90,0.78K,-0.13%
10-13-2017,1302.90,1294.70,1304.10,1292.10,0.53K,+0.63%
10-12-2017,1294.70,1292.80,1297.90,1290.60,0.52K,+0.57%
10-11-2017,1287.30,1288.50,1294.10,1285.50,0.75K,-0.37%
10-10-2017,1292.10,1284.90,1294.50,1283.20,0.44K,+0.69%
10-09-2017,1283.20,1276.30,1285.70,1276.30,0.21K,+0.79%
10-06-2017,1273.10,1269.30,1276.70,1261.30,0.47K,+0.13%
10-05-2017,1271.40,1274.80,1279.70,1266.80,0.90K,-0.30%
10-04-2017,1275.20,1272.60,1282.80,1271.70,0.82K,+0.16%
10-03-2017,1273.10,1272.60,1275.50,1269.20,0.57K,-0.08%
10-02-2017,1274.10,1278.00,1278.50,1271.90,0.90K,-0.67%
09-29-2017,1282.70,1287.50,1290.50,1279.80,0.91K,-0.30%
09-28-2017,1286.50,1284.00,1288.80,1279.40,0.74K,+0.19%
09-27-2017,1284.10,1293.30,1295.00,1280.90,19.49K,-1.05%
09-26-2017,1297.70,1309.60,1312.50,1291.60,20.05K,-0.72%
09-25-2017,1307.10,1296.80,1311.20,1288.00,12.53K,+0.74%
09-22-2017,1297.50,1294.10,1301.90,1294.10,264.47K,+0.21%
09-21-2017,1294.80,1304.80,1305.00,1291.20,402.21K,-1.64%
09-20-2017,1316.40,1314.70,1319.80,1299.50,351.42K,+0.44%
09-19-2017,1310.60,1310.50,1315.30,1308.70,275.31K,-0.02%
09-18-2017,1310.80,1324.00,1324.00,1308.10,271.33K,-1.09%
09-15-2017,1325.20,1333.70,1338.20,1323.00,320.51K,-0.31%
09-14-2017,1329.30,1327.60,1334.90,1319.50,336.58K,+0.10%
09-13-2017,1328.00,1336.20,1340.50,1324.50,306.37K,-0.35%
09-12-2017,1332.70,1331.70,1336.30,1326.70,287.75K,-0.22%
09-11-2017,1335.70,1341.50,1344.60,1330.60,303.11K,-1.15%
09-08-2017,1351.20,1354.00,1362.40,1347.10,386.65K,+0.07%
09-07-2017,1350.30,1339.00,1355.50,1337.20,363.78K,+0.84%
09-06-2017,1339.00,1345.00,1347.70,1336.40,309.35K,-0.41%
09-05-2017,1344.50,1339.70,1349.70,1331.10,557.99K,0.00%
09-04-2017,1344.50,1339.70,1349.70,1331.10,368.17K,+1.06%
09-01-2017,1330.40,1326.90,1334.50,1321.40,368.17K,+0.62%
08-31-2017,1322.20,1314.10,1329.00,1302.30,376.31K,+0.62%
08-30-2017,1314.10,1314.80,1319.30,1310.10,312.01K,-0.36%
08-29-2017,1318.90,1320.50,1331.90,1310.60,460.45K,+0.27%
08-28-2017,1315.30,1297.60,1317.80,1297.00,321.81K,+1.34%
08-25-2017,1297.90,1291.30,1301.40,1281.30,358.61K,+0.46%
08-24-2017,1292.00,1296.00,1296.80,1289.30,246.72K,-0.21%
08-23-2017,1294.70,1290.40,1297.00,1287.90,235.69K,+0.29%
08-22-2017,1291.00,1297.10,1298.10,1287.00,268.99K,-0.44%
08-21-2017,1296.70,1289.10,1299.70,1286.20,261.48K,+0.39%
08-18-2017,1291.60,1293.80,1306.90,1289.10,396.54K,-0.06%
08-17-2017,1292.40,1290.00,1296.00,1286.40,329.84K,+0.74%
08-16-2017,1282.90,1276.90,1289.50,1273.20,273.20K,+0.25%
08-15-2017,1279.70,1287.00,1287.70,1272.70,287.56K,-0.83%
08-14-2017,1290.40,1296.40,1296.40,1284.20,238.07K,-0.28%
08-11-2017,1294.00,1292.50,1298.10,1286.70,265.33K,+0.30%
08-10-2017,1290.10,1283.20,1293.80,1280.30,269.83K,+0.84%
08-09-2017,1279.30,1266.10,1284.70,1265.90,290.97K,+1.32%
08-08-2017,1262.60,1262.90,1271.00,1257.10,247.54K,+0.10%
08-07-2017,1261.40,1261.40,1262.40,1258.10,1.43K,+0.01%
08-04-2017,1261.30,1272.00,1273.00,1256.90,9.06K,-0.77%
08-03-2017,1271.10,1269.00,1273.70,1259.70,6.86K,-0.31%
08-02-2017,1275.10,1271.70,1275.60,1265.80,4.28K,-0.08%
08-01-2017,1276.10,1272.40,1276.90,1265.20,14.03K,+0.47%
07-31-2017,1270.10,1273.00,1273.90,1268.40,5.01K,-0.14%
07-28-2017,1271.90,1261.90,1273.70,1260.30,20.06K,+0.82%
07-27-2017,1261.50,1261.30,1266.20,1255.50,2.51K,+0.86%
07-26-2017,1250.80,1250.70,1264.70,1244.80,1.51K,-0.22%
07-25-2017,1253.50,1256.10,1259.00,1250.40,1.23K,-0.17%
07-24-2017,1255.60,1256.00,1259.60,1253.10,1.20K,-0.03%
07-21-2017,1256.00,1245.00,1256.30,1244.40,0.33K,+0.74%
07-20-2017,1246.80,1242.10,1248.20,1236.00,0.46K,+0.27%
07-19-2017,1243.40,1243.40,1244.40,1237.50,0.35K,0.00%
07-18-2017,1243.40,1235.50,1245.10,1234.80,0.87K,+0.66%
07-17-2017,1235.30,1230.60,1236.80,1230.60,0.61K,+0.50%
07-14-2017,1229.10,1218.40,1234.00,1216.80,0.34K,+0.84%
07-13-2017,1218.90,1219.80,1224.60,1217.40,0.32K,-0.16%
07-12-2017,1220.80,1218.70,1226.00,1215.80,0.28K,+0.36%
07-11-2017,1216.40,1214.30,1218.20,1209.60,0.28K,+0.12%
07-10-2017,1214.90,1212.60,1216.00,1205.90,0.39K,+0.29%
07-07-2017,1211.40,1221.70,1228.90,1209.80,0.51K,-1.11%
07-06-2017,1225.00,1228.00,1229.00,1224.20,0.14K,+0.13%
07-05-2017,1223.40,1223.00,1230.00,1218.30,0.37K,+0.14%
07-04-2017,1221.70,1220.10,1228.40,1216.50,366.77K,+0.06%
07-03-2017,1221.00,1244.40,1244.40,1220.20,0.24K,-1.86%
06-30-2017,1244.10,1245.00,1245.00,1242.70,0.45K,-0.28%
06-29-2017,1247.60,1253.90,1256.50,1243.50,1.21K,-0.12%
06-28-2017,1249.10,1247.30,1255.70,1246.70,195.07K,+0.18%
06-27-2017,1246.90,1245.20,1253.80,1241.80,213.42K,+0.04%
06-26-2017,1246.40,1258.10,1259.00,1236.50,227.47K,-0.80%
06-23-2017,1256.40,1250.90,1260.00,1250.60,162.67K,+0.56%
06-22-2017,1249.40,1246.40,1256.00,1246.40,187.39K,+0.29%
06-21-2017,1245.80,1243.90,1248.80,1241.70,170.46K,+0.18%
06-20-2017,1243.50,1245.40,1249.40,1242.40,185.39K,-0.26%
06-19-2017,1246.70,1255.80,1257.30,1244.30,179.65K,-0.78%
06-16-2017,1256.50,1255.60,1258.60,1253.20,149.11K,+0.15%
06-15-2017,1254.60,1262.70,1268.50,1252.70,255.15K,-1.67%
06-14-2017,1275.90,1268.40,1284.20,1259.00,348.34K,+0.58%
06-13-2017,1268.60,1267.70,1271.00,1260.50,175.60K,-0.02%
06-12-2017,1268.90,1269.70,1272.40,1265.60,173.01K,-0.20%
06-09-2017,1271.40,1283.50,1284.60,1266.70,219.21K,-0.63%
06-08-2017,1279.50,1289.50,1291.50,1273.50,257.44K,-1.06%
06-07-2017,1293.20,1297.00,1297.60,1285.00,218.85K,-0.61%
06-06-2017,1301.10,1286.40,1302.10,1286.30,2.62K,+1.15%
06-05-2017,1286.30,1286.00,1289.30,1284.00,0.52K,+0.19%
06-02-2017,1283.80,1272.20,1285.30,1265.30,2.53K,+0.80%
06-01-2017,1273.60,1274.80,1275.20,1267.50,0.75K,-0.42%
05-31-2017,1279.00,1268.50,1280.00,1266.00,1.32K,+0.76%
05-30-2017,1269.30,1273.70,1276.80,1265.50,5.46K,+0.28%
05-29-2017,1265.70,1271.20,1273.40,1261.80,286.21K,-0.45%
05-26-2017,1271.40,1258.60,1272.70,1256.20,159.00K,+0.92%
05-25-2017,1259.80,1261.60,1262.80,1256.90,63.17K,+0.26%
05-24-2017,1256.50,1253.80,1262.20,1250.90,48.74K,-0.19%
05-23-2017,1258.90,1263.20,1267.10,1254.00,54.13K,-0.47%
05-22-2017,1264.80,1260.00,1265.80,1254.80,45.56K,+0.64%
05-19-2017,1256.80,1249.90,1259.50,1249.50,24.00K,+0.06%
05-18-2017,1256.10,1264.50,1268.30,1249.10,25.73K,-0.47%
05-17-2017,1262.00,1240.10,1264.70,1240.00,24.73K,+1.80%
05-16-2017,1239.70,1234.40,1242.40,1233.60,19.19K,+0.51%
05-15-2017,1233.40,1231.30,1240.60,1230.30,9.80K,+0.19%
05-12-2017,1231.10,1228.50,1235.10,1227.90,22.14K,+0.28%
05-11-2017,1227.70,1221.90,1231.20,1221.20,55.14K,+0.43%
05-10-2017,1222.40,1225.30,1229.00,1221.00,17.23K,+0.23%
05-09-2017,1219.60,1229.70,1232.10,1217.80,21.49K,-0.89%
05-08-2017,1230.60,1227.90,1240.20,1225.50,19.47K,+0.02%
05-05-2017,1230.40,1232.60,1238.80,1229.80,25.27K,-0.13%
05-04-2017,1232.00,1242.20,1245.00,1229.30,29.80K,-1.60%
05-03-2017,1252.00,1260.60,1260.90,1240.00,9.16K,-0.67%
05-02-2017,1260.50,1261.00,1262.00,1256.10,8.94K,+0.13%
05-01-2017,1258.90,1273.10,1275.70,1258.60,7.67K,-1.01%
04-28-2017,1271.70,1268.70,1273.00,1268.00,6.32K,+0.19%
04-27-2017,1269.30,1274.00,1274.10,1265.60,2.46K,+0.13%
04-26-2017,1267.60,1268.50,1276.00,1264.30,5.32K,-0.24%
04-25-2017,1270.60,1281.00,1282.90,1266.40,5.26K,-0.54%
04-24-2017,1277.50,1280.00,1280.00,1266.00,302.84K,-0.90%
04-21-2017,1289.10,1283.30,1290.10,1280.00,229.60K,+0.41%
04-20-2017,1283.80,1282.20,1285.20,1278.00,245.62K,+0.03%
04-19-2017,1283.40,1291.70,1292.70,1275.40,260.70K,-0.83%
04-18-2017,1294.10,1286.70,1294.40,1280.60,280.74K,+0.17%
04-17-2017,1291.90,1292.40,1297.40,1283.10,191.67K,+0.26%
04-13-2017,1288.50,1288.30,1290.70,1283.80,235.46K,+0.81%
04-12-2017,1278.10,1277.20,1289.00,1273.80,251.10K,+0.31%
04-11-2017,1274.20,1256.80,1277.40,1254.70,292.14K,+1.62%
04-10-2017,1253.90,1255.60,1258.90,1248.20,182.20K,-0.27%
04-07-2017,1257.30,1253.90,1273.30,1252.40,375.41K,+0.32%
04-06-2017,1253.30,1257.60,1260.90,1251.30,165.26K,+0.38%
04-05-2017,1248.50,1258.20,1259.30,1245.40,236.74K,-0.79%
04-04-2017,1258.40,1255.50,1263.70,1255.50,158.36K,+0.35%
04-03-2017,1254.00,1251.90,1255.90,1246.40,142.20K,+0.22%
03-31-2017,1251.20,1244.60,1252.80,1241.50,165.21K,+0.26%
03-30-2017,1248.00,1256.10,1256.50,1244.20,217.66K,-0.45%
03-29-2017,1253.70,1250.80,1254.40,1246.90,190.68K,-0.15%
03-28-2017,1255.60,1253.50,1258.40,1247.30,243.24K,-0.01%
03-27-2017,1255.70,1245.50,1261.00,1245.50,237.27K,+0.58%
03-24-2017,1248.50,1245.00,1251.90,1240.70,207.57K,+0.10%
03-23-2017,1247.20,1248.60,1253.30,1242.70,234.77K,-0.20%
03-22-2017,1249.70,1244.50,1251.50,1243.80,216.45K,+0.26%
03-21-2017,1246.50,1234.20,1247.70,1226.60,285.63K,+1.01%
03-20-2017,1234.00,1229.00,1235.50,1228.80,126.34K,+0.31%
03-17-2017,1230.20,1226.20,1231.50,1224.00,153.15K,+0.25%
03-16-2017,1227.10,1219.50,1234.00,1218.10,257.89K,+2.20%
03-15-2017,1200.70,1198.70,1222.00,1196.80,264.34K,-0.16%
03-14-2017,1202.60,1203.50,1207.50,1196.90,183.72K,-0.04%
03-13-2017,1203.10,1205.00,1210.90,1202.00,173.92K,+0.14%
03-10-2017,1201.40,1200.20,1206.20,1194.50,257.84K,-0.15%
03-09-2017,1203.20,1207.70,1208.90,1199.00,233.51K,-0.51%
03-08-2017,1209.40,1215.60,1218.50,1206.40,211.11K,-0.55%
03-07-2017,1216.10,1225.70,1227.40,1214.10,203.71K,-0.77%
03-06-2017,1225.50,1233.90,1237.30,1225.00,156.98K,-0.08%
03-03-2017,1226.50,1234.80,1236.70,1223.00,272.29K,-0.52%
03-02-2017,1232.90,1249.90,1250.80,1231.10,272.76K,-1.37%
03-01-2017,1250.00,1248.50,1251.40,1237.20,318.04K,-0.31%
02-28-2017,1253.90,1253.30,1259.30,1248.20,234.94K,-0.39%
02-27-2017,1258.80,1258.90,1264.90,1251.50,208.49K,+0.04%
02-24-2017,1258.30,1250.60,1261.20,1248.80,220.13K,+0.55%
02-23-2017,1251.40,1238.30,1252.20,1236.40,264.97K,+1.47%
02-22-2017,1233.30,1236.90,1241.90,1231.50,201.34K,-0.45%
02-20-2017,1238.90,1236.40,1240.20,1226.80,259.51K,-0.02%
02-17-2017,1239.10,1240.80,1245.10,1235.30,164.41K,-0.20%
02-16-2017,1241.60,1234.30,1243.70,1233.30,203.79K,+0.69%
02-15-2017,1233.10,1228.60,1234.90,1217.50,226.71K,+0.63%
02-14-2017,1225.40,1226.10,1236.00,1222.70,233.75K,-0.03%
02-13-2017,1225.80,1234.20,1234.40,1220.30,176.62K,-0.82%
02-10-2017,1235.90,1229.60,1238.90,1222.60,240.05K,-0.07%
02-09-2017,1236.80,1242.70,1246.20,1226.10,246.14K,-0.22%
02-08-2017,1239.50,1235.20,1246.60,1231.30,221.91K,+0.28%
02-07-2017,1236.10,1236.90,1237.50,1229.20,202.31K,+0.32%
02-06-2017,1232.10,1221.90,1237.50,1220.80,197.32K,+0.93%
02-03-2017,1220.80,1217.80,1223.20,1208.30,217.98K,+0.11%
02-02-2017,1219.40,1211.20,1227.50,1210.20,232.06K,+0.92%
02-01-2017,1208.30,1212.20,1215.00,1199.70,217.09K,-0.26%
01-31-2017,1211.40,1197.70,1217.40,1195.60,246.90K,+1.29%
01-30-2017,1196.00,1194.60,1201.30,1190.00,191.77K,+0.64%
01-27-2017,1188.40,1188.50,1191.00,1179.70,234.35K,-0.12%
01-26-2017,1189.80,1200.70,1202.30,1183.90,244.31K,-0.67%
01-25-2017,1197.80,1208.60,1209.30,1192.60,299.18K,-1.07%
01-24-2017,1210.80,1218.00,1220.10,1206.20,216.01K,-0.39%
01-23-2017,1215.60,1209.30,1219.40,1209.00,237.41K,+0.89%
01-20-2017,1204.90,1204.80,1214.80,1198.20,244.34K,+0.28%
01-19-2017,1201.50,1203.10,1206.40,1195.40,247.40K,-0.87%
01-18-2017,1212.10,1216.80,1217.70,1201.80,203.65K,-0.07%
01-16-2017,1212.90,1199.40,1218.90,1198.00,381.42K,+1.40%
01-13-2017,1196.20,1194.80,1201.80,1187.50,288.62K,-0.30%
01-12-2017,1199.80,1191.10,1207.20,1190.70,269.32K,+0.27%
01-11-2017,1196.60,1188.10,1198.50,1177.00,328.69K,+0.94%
01-10-2017,1185.50,1181.30,1190.60,1180.20,224.81K,+0.05%
01-09-2017,1184.90,1172.90,1186.40,1172.20,179.03K,+0.98%
01-06-2017,1173.40,1181.00,1183.80,1171.10,226.43K,-0.67%
01-05-2017,1181.30,1164.60,1185.90,1163.60,272.12K,+1.37%
01-04-2017,1165.30,1159.60,1168.60,1156.70,179.88K,+0.28%
01-03-2017,1162.00,1151.40,1166.00,1146.50,229.18K,+0.89%
12-30-2016,1151.70,1159.50,1164.30,1150.30,143.85K,-0.55%
12-29-2016,1158.10,1143.10,1160.60,1142.60,158.03K,+1.51%
12-28-2016,1140.90,1139.30,1145.10,1137.10,112.51K,+0.18%
12-27-2016,1138.80,1135.30,1151.70,1132.80,108.45K,+0.46%
12-23-2016,1133.60,1130.00,1137.30,1129.50,74.80K,+0.26%
12-22-2016,1130.70,1133.20,1135.50,1128.60,120.32K,-0.22%
12-21-2016,1133.20,1134.00,1138.80,1131.00,114.06K,-0.04%
12-20-2016,1133.60,1139.80,1141.70,1127.30,146.05K,-0.80%
12-19-2016,1142.70,1136.10,1144.40,1135.50,119.18K,+0.47%
12-16-2016,1137.40,1130.50,1143.20,1128.50,178.64K,+0.67%
12-15-2016,1129.80,1143.80,1146.00,1124.30,281.61K,-2.91%
12-14-2016,1163.70,1159.80,1168.00,1140.00,214.40K,+0.41%
12-13-2016,1159.00,1164.50,1167.00,1156.30,142.85K,-0.58%
12-12-2016,1165.80,1161.40,1167.90,1152.50,166.80K,+0.34%
12-09-2016,1161.90,1172.50,1173.80,1157.60,162.82K,-0.90%
12-08-2016,1172.40,1176.10,1180.70,1170.90,147.75K,-0.43%
12-07-2016,1177.50,1171.40,1182.30,1167.20,145.81K,+0.63%
12-06-2016,1170.10,1172.80,1177.10,1168.10,137.61K,-0.54%
12-05-2016,1176.50,1182.60,1190.20,1158.60,221.46K,-0.11%
12-02-2016,1177.80,1174.30,1180.30,1168.40,175.97K,+0.72%
12-01-2016,1169.40,1175.10,1178.40,1162.20,230.28K,-0.38%
11-30-2016,1173.90,1190.70,1196.80,1171.30,249.32K,-1.42%
11-29-2016,1190.80,1196.60,1197.70,1182.60,216.19K,0.00%
11-28-2016,1190.80,1184.40,1197.20,1182.40,189.91K,+1.05%
11-24-2016,1178.40,1189.40,1192.70,1170.30,300.28K,-0.92%
11-23-2016,1189.30,1212.60,1214.70,1181.20,367.81K,-1.81%
11-22-2016,1211.20,1213.50,1220.90,1205.60,210.55K,+0.12%
11-21-2016,1209.80,1207.30,1217.80,1205.40,167.83K,+0.09%
11-18-2016,1208.70,1216.00,1217.50,1201.30,257.11K,-0.67%
11-17-2016,1216.90,1224.80,1231.10,1210.50,237.79K,-0.57%
11-16-2016,1223.90,1228.00,1233.10,1221.00,204.45K,-0.05%
11-15-2016,1224.50,1221.80,1231.40,1218.60,234.17K,+0.23%
11-14-2016,1221.70,1227.70,1230.90,1211.00,351.97K,-0.21%
11-11-2016,1224.30,1258.70,1265.00,1218.70,444.59K,-3.32%
11-10-2016,1266.40,1278.40,1292.50,1251.90,413.56K,-0.56%
11-09-2016,1273.50,1276.80,1338.30,1268.10,816.53K,-0.08%
11-08-2016,1274.50,1282.20,1291.50,1273.30,202.50K,-0.38%
11-07-2016,1279.40,1294.50,1296.50,1278.60,221.68K,-1.92%
11-04-2016,1304.50,1303.20,1308.30,1295.70,217.45K,+0.09%
11-03-2016,1303.30,1298.10,1308.00,1286.20,228.55K,-0.37%
11-02-2016,1308.20,1289.00,1309.30,1288.40,241.70K,+1.57%
11-01-2016,1288.00,1277.80,1292.90,1276.30,207.26K,+1.17%
10-31-2016,1273.10,1278.30,1280.50,1271.90,123.70K,-0.29%
10-28-2016,1276.80,1269.20,1285.40,1262.00,232.89K,+0.58%
10-27-2016,1269.50,1267.20,1273.70,1265.20,135.14K,+0.23%
10-26-2016,1266.60,1274.00,1277.20,1265.10,142.11K,-0.55%
10-25-2016,1273.60,1265.20,1277.50,1262.40,140.03K,+0.78%
10-24-2016,1263.70,1266.90,1272.80,1260.10,156.82K,-0.32%
10-21-2016,1267.70,1266.50,1268.80,1261.70,101.39K,+0.02%
10-20-2016,1267.50,1270.60,1275.90,1265.50,137.04K,-0.19%
10-19-2016,1269.90,1263.90,1274.40,1261.10,143.61K,+0.55%
10-18-2016,1262.90,1256.00,1265.60,1255.90,148.17K,+0.50%
10-17-2016,1256.60,1252.90,1258.20,1251.10,111.89K,+0.09%
10-14-2016,1255.50,1259.50,1260.70,1246.90,179.88K,-0.17%
10-13-2016,1257.60,1257.10,1263.90,1254.70,150.10K,+0.30%
10-12-2016,1253.80,1254.50,1260.50,1251.20,141.58K,-0.17%
10-11-2016,1255.90,1261.70,1264.00,1254.30,141.05K,-0.36%
10-10-2016,1260.40,1258.50,1266.80,1258.50,140.76K,+0.68%
10-07-2016,1251.90,1256.80,1267.60,1243.20,274.15K,-0.09%
10-06-2016,1253.00,1269.70,1271.60,1251.80,190.19K,-1.23%
10-05-2016,1268.60,1270.50,1279.40,1264.10,213.86K,-0.09%
10-04-2016,1269.70,1315.00,1315.40,1269.00,351.26K,-3.28%
10-03-2016,1312.70,1321.00,1322.60,1311.80,130.14K,-0.33%
09-30-2016,1317.10,1323.60,1331.50,1316.00,214.12K,-0.67%
09-29-2016,1326.00,1325.00,1329.40,1318.60,157.34K,+0.17%
09-28-2016,1323.70,1330.10,1331.10,1321.10,157.57K,-0.50%
09-27-2016,1330.40,1342.00,1343.50,1327.70,187.75K,-1.02%
09-26-2016,1344.10,1340.80,1346.10,1336.50,126.60K,+0.18%
09-23-2016,1341.70,1340.30,1344.50,1337.40,113.26K,-0.22%
09-22-2016,1344.70,1338.90,1347.80,1335.10,166.86K,+1.00%
09-21-2016,1331.40,1318.00,1341.30,1310.90,268.97K,+1.00%
09-20-2016,1318.20,1316.30,1321.10,1315.20,93.72K,+0.03%
09-19-2016,1317.80,1313.20,1321.80,1312.60,115.84K,+0.58%
09-16-2016,1310.20,1318.30,1321.50,1309.20,138.21K,-0.59%
09-15-2016,1318.00,1325.80,1332.50,1312.10,211.23K,-0.61%
09-14-2016,1326.10,1322.60,1329.80,1316.60,139.43K,+0.18%
09-13-2016,1323.70,1331.70,1335.90,1318.80,180.76K,-0.14%
09-12-2016,1325.60,1332.00,1333.80,1323.30,194.66K,-0.67%
09-09-2016,1334.50,1341.60,1343.60,1331.20,163.93K,-0.53%
09-08-2016,1341.60,1349.10,1353.90,1339.10,182.89K,-0.56%
09-07-2016,1349.20,1353.50,1357.60,1346.90,151.82K,-0.35%
09-05-2016,1354.00,1328.10,1357.20,1325.50,281.26K,+2.06%
09-02-2016,1326.70,1318.00,1334.00,1307.40,234.25K,+0.73%
09-01-2016,1317.10,1311.70,1318.60,1305.50,179.60K,+0.43%
08-31-2016,1311.40,1314.70,1319.20,1306.90,179.95K,-0.39%
08-30-2016,1316.50,1327.00,1328.90,1312.00,159.33K,-0.80%
08-29-2016,1327.10,1323.80,1328.50,1317.20,142.23K,+0.09%
08-26-2016,1325.90,1324.80,1346.00,1321.20,300.05K,+0.10%
08-25-2016,1324.60,1327.40,1330.20,1321.00,167.66K,-0.38%
08-24-2016,1329.70,1342.20,1344.10,1327.00,225.49K,-1.22%
08-23-2016,1346.10,1343.60,1348.80,1338.90,132.03K,+0.20%
08-22-2016,1343.40,1345.00,1345.70,1335.40,156.45K,-0.21%
08-19-2016,1346.20,1357.10,1357.90,1342.00,185.03K,-0.81%
08-18-2016,1357.20,1353.80,1361.50,1351.20,170.56K,+0.62%
08-17-2016,1348.80,1351.30,1356.80,1340.50,169.16K,-0.60%
08-16-2016,1356.90,1345.20,1364.30,1344.80,221.72K,+0.70%
08-15-2016,1347.50,1343.60,1349.10,1340.90,120.15K,+0.32%
08-12-2016,1343.20,1344.70,1362.50,1338.30,239.55K,-0.50%
08-11-2016,1350.00,1353.20,1359.40,1341.40,155.59K,-0.14%
08-10-2016,1351.90,1347.00,1363.60,1345.70,191.32K,+0.39%
08-09-2016,1346.70,1341.20,1348.50,1336.00,124.48K,+0.40%
08-08-2016,1341.30,1341.20,1343.90,1335.30,137.54K,-0.23%
08-05-2016,1344.40,1367.20,1371.00,1340.40,223.14K,-1.68%
08-04-2016,1367.40,1364.70,1371.40,1355.10,170.00K,+0.20%
08-03-2016,1364.70,1370.50,1373.40,1360.60,138.59K,-0.58%
08-02-2016,1372.60,1360.60,1374.20,1353.70,161.78K,+0.96%
08-01-2016,1359.60,1357.20,1361.90,1353.20,112.66K,+0.15%
07-29-2016,1357.50,1342.70,1362.00,1335.00,229.25K,+1.22%
07-28-2016,1341.20,1347.50,1352.60,1339.20,194.76K,+1.09%
07-27-2016,1326.70,1319.90,1342.30,1315.60,215.39K,+0.45%
07-26-2016,1320.80,1315.50,1324.40,1313.60,203.41K,+0.10%
07-25-2016,1319.50,1322.70,1323.40,1311.10,263.66K,-0.29%
07-22-2016,1323.40,1331.40,1334.00,1319.40,232.26K,-0.57%
07-21-2016,1331.00,1316.20,1334.00,1310.70,253.46K,+0.89%
07-20-2016,1319.30,1332.20,1338.80,1312.50,224.99K,-0.98%
07-19-2016,1332.30,1329.10,1335.50,1325.80,150.62K,+0.23%
07-18-2016,1329.30,1333.40,1336.00,1323.50,163.21K,+0.14%
07-15-2016,1327.40,1336.40,1339.50,1322.60,191.83K,-0.36%
07-14-2016,1332.20,1344.50,1348.00,1320.40,264.33K,-0.85%
07-13-2016,1343.60,1334.00,1346.30,1328.10,204.59K,+0.62%
07-12-2016,1335.30,1356.30,1358.90,1331.00,257.34K,-1.57%
07-11-2016,1356.60,1368.90,1376.50,1351.80,230.70K,-0.13%
07-08-2016,1358.40,1361.00,1371.80,1336.30,301.19K,-0.27%
07-07-2016,1362.10,1365.70,1372.90,1352.00,218.46K,-0.37%
07-06-2016,1367.10,1358.00,1377.50,1356.30,237.06K,+0.62%
07-04-2016,1358.70,1345.00,1360.30,1338.50,353.81K,+1.47%
07-01-2016,1339.00,1324.80,1347.00,1323.10,223.73K,+1.39%
06-30-2016,1320.60,1321.00,1326.50,1315.30,192.95K,-0.47%
06-29-2016,1326.90,1313.90,1331.00,1313.30,176.82K,+0.68%
06-28-2016,1317.90,1328.30,1329.50,1308.20,195.98K,-0.51%
06-27-2016,1324.70,1322.30,1340.00,1320.80,258.33K,+0.17%
06-24-2016,1322.40,1254.30,1362.60,1252.80,574.24K,+4.69%
06-23-2016,1263.10,1268.10,1274.90,1256.90,152.59K,-0.54%
06-22-2016,1270.00,1271.40,1273.50,1263.80,132.68K,-0.20%
06-21-2016,1272.50,1292.50,1297.40,1267.10,207.16K,-1.52%
06-20-2016,1292.10,1293.00,1296.80,1280.80,193.80K,-0.21%
06-17-2016,1294.80,1282.40,1302.70,1278.80,211.62K,-0.28%
06-16-2016,1298.40,1295.00,1318.90,1280.10,354.15K,+0.78%
06-15-2016,1288.30,1288.10,1300.00,1281.30,199.45K,+0.02%
06-14-2016,1288.10,1286.20,1293.00,1278.60,193.07K,+0.09%
06-13-2016,1286.90,1278.30,1290.30,1275.20,202.81K,+0.86%
06-10-2016,1275.90,1271.50,1280.90,1267.30,160.81K,+0.25%
06-09-2016,1272.70,1264.60,1274.40,1259.40,153.26K,+0.82%
06-08-2016,1262.30,1247.00,1267.20,1245.50,181.73K,+1.23%
06-07-2016,1247.00,1248.00,1249.00,1236.90,120.51K,-0.03%
06-06-2016,1247.40,1245.50,1251.30,1242.10,162.94K,+0.36%
06-03-2016,1242.90,1212.80,1247.40,1209.10,240.70K,+2.50%
06-02-2016,1212.60,1215.90,1220.00,1212.00,112.60K,-0.17%
06-01-2016,1214.70,1217.90,1222.90,1208.20,159.62K,-0.23%
05-30-2016,1217.50,1215.10,1220.60,1201.50,236.15K,+0.07%
05-27-2016,1216.70,1222.30,1225.80,1209.00,200.00K,-0.30%
05-26-2016,1220.40,1223.60,1234.60,1218.40,199.78K,-0.28%
05-25-2016,1223.80,1227.30,1230.20,1217.70,246.05K,-0.44%
05-24-2016,1229.20,1249.50,1252.80,1226.20,322.96K,-1.78%
05-23-2016,1251.50,1251.70,1256.80,1243.50,218.72K,-0.11%
05-20-2016,1252.90,1256.30,1261.20,1249.60,205.16K,-0.15%
05-19-2016,1254.80,1259.10,1262.30,1244.60,270.06K,-1.54%
05-18-2016,1274.40,1280.60,1283.50,1256.00,233.58K,-0.20%
05-17-2016,1276.90,1274.90,1283.90,1270.10,205.19K,+0.21%
05-16-2016,1274.20,1273.10,1290.40,1271.60,198.78K,+0.12%
05-13-2016,1272.70,1264.80,1277.70,1264.00,174.35K,+0.12%
05-12-2016,1271.20,1279.30,1282.50,1262.90,218.10K,-0.34%
05-11-2016,1275.50,1267.30,1280.80,1266.30,239.70K,+0.85%
05-10-2016,1264.80,1265.40,1272.00,1258.30,174.08K,-0.14%
05-09-2016,1266.60,1286.70,1289.50,1262.80,225.23K,-2.12%
05-06-2016,1294.00,1279.30,1297.70,1276.20,257.61K,+1.71%
05-05-2016,1272.30,1281.20,1288.40,1270.60,174.58K,-0.16%
05-04-2016,1274.40,1287.70,1291.80,1273.60,212.95K,-1.35%
05-03-2016,1291.80,1293.40,1303.90,1284.00,214.99K,-0.31%
05-02-2016,1295.80,1293.20,1306.00,1289.60,198.26K,+0.41%
04-29-2016,1290.50,1268.00,1299.00,1267.00,273.99K,+1.90%
04-28-2016,1266.40,1247.30,1271.70,1239.10,227.21K,+1.28%
04-27-2016,1250.40,1245.70,1254.60,1240.70,171.51K,+0.56%
04-26-2016,1243.40,1239.80,1246.50,1232.70,148.11K,+0.26%
04-25-2016,1240.20,1234.50,1243.80,1231.30,120.77K,+0.83%
04-22-2016,1230.00,1248.50,1254.20,1228.50,209.49K,-1.62%
04-21-2016,1250.30,1244.50,1272.40,1244.40,272.94K,-0.33%
04-20-2016,1254.40,1251.30,1259.80,1244.00,165.25K,+0.01%
04-19-2016,1254.30,1233.90,1258.50,1229.00,217.39K,+1.56%
04-18-2016,1235.00,1236.30,1243.30,1231.70,148.66K,+0.03%
04-15-2016,1234.60,1228.50,1237.60,1226.80,121.27K,+0.66%
04-14-2016,1226.50,1243.80,1245.90,1225.40,204.79K,-1.75%
04-13-2016,1248.30,1257.20,1258.70,1241.40,155.99K,-1.00%
04-12-2016,1260.90,1259.80,1264.70,1253.00,157.24K,+0.23%
04-11-2016,1258.00,1241.80,1260.90,1241.60,160.93K,+1.14%
04-08-2016,1243.80,1241.80,1244.60,1231.00,132.37K,+0.51%
04-07-2016,1237.50,1224.00,1245.00,1224.00,189.41K,+1.12%
04-06-2016,1223.80,1232.60,1233.80,1217.20,135.33K,-0.47%
04-05-2016,1229.60,1217.10,1238.80,1216.00,157.09K,+0.84%
04-04-2016,1219.30,1223.00,1224.10,1215.70,91.06K,-0.34%
04-01-2016,1223.50,1234.10,1237.20,1210.30,196.90K,-0.98%
03-31-2016,1235.60,1227.00,1242.30,1225.10,120.32K,+0.57%
03-30-2016,1228.60,1243.00,1246.80,1224.90,183.33K,-0.58%
03-29-2016,1235.80,1221.50,1243.40,1215.30,189.73K,+1.29%
03-28-2016,1220.10,1216.00,1223.20,1206.00,142.68K,-0.12%
03-24-2016,1221.60,1220.70,1224.20,1211.20,169.70K,-0.20%
03-23-2016,1224.00,1248.50,1249.80,1215.40,266.17K,-1.97%
03-22-2016,1248.60,1244.30,1260.90,1242.80,195.73K,+0.35%
03-21-2016,1244.20,1255.20,1256.70,1241.20,176.62K,-0.81%
03-18-2016,1254.30,1257.70,1267.70,1248.40,158.07K,-0.85%
03-17-2016,1265.00,1262.00,1271.90,1255.20,208.12K,+2.86%
03-16-2016,1229.80,1233.10,1264.80,1227.00,203.81K,-0.10%
03-15-2016,1231.00,1237.00,1238.70,1226.00,185.33K,-1.13%
03-14-2016,1245.10,1250.90,1261.90,1229.90,207.56K,-1.14%
03-11-2016,1259.40,1272.00,1287.80,1249.00,235.78K,-1.05%
03-10-2016,1272.80,1253.70,1274.30,1237.50,304.98K,+1.22%
03-09-2016,1257.40,1262.20,1265.70,1243.60,223.14K,-0.44%
03-08-2016,1262.90,1267.90,1279.00,1261.00,206.13K,-0.09%
03-07-2016,1264.00,1260.50,1274.10,1257.40,212.79K,-0.53%
03-04-2016,1270.70,1264.60,1280.70,1250.10,361.18K,+0.99%
03-03-2016,1258.20,1240.80,1269.30,1239.80,272.29K,+1.39%
